symbol,step,date,position,raw_action,final_action,overrode,model_action,model_reply,error
CSCO,43,2025-04-21,1,1,3,True,3,"3 - Price is below all anchored VWAPs and the daily/weekly charts are rolling over, showing short-term weakness despite the longer-term uptrend. With the position up ~2.5% after 10 days, close to lock gains and limit the risk of a deeper pullback.",
CSCO,53,2025-05-05,1,1,1,False,1,"1 - Accept: higher-timeframe monthly and weekly trends remain bullish, the daily chart has reclaimed support above the low-anchor VWAP and the position is already +7.8%. Price is testing confluence resistance at the high-volume/high-anchor VWAP (~58.4–58.6), so tighten stops or scale partial profits while staying long to capture further upside.",
CSCO,63,2025-05-19,1,1,1,False,1,"1 - Accept the long: price sits above all three anchored VWAPs (high/low/high-vol ≈58.86/55.80/58.87) and has cleared recent weekly/monthly resistance, signaling trend continuation. The position is +15.6% after 20 days with strong momentum, so maintain the long while protecting gains with a trailing stop.",
CSCO,73,2025-06-03,1,1,1,False,1,"1 - Price is above all three anchored VWAPs and multi‑timeframe structure (daily/weekly/monthly) is trending higher, indicating continuation bias. Current long is +16% over 30 days so keep exposure and manage risk with a trailing stop.",
CSCO,83,2025-06-17,1,1,1,False,1,"1 - Price is above all anchored VWAPs (high 64.05, high-volume 59.42, low 56.35) and the weekly/monthly charts show a strong uptrend, supporting continuation of the long. Keep the long position to ride further upside while watching for a decisive break below the high-anchor VWAP (~64.05) as the signal to trim or close.",
CSCO,93,2025-07-02,1,1,1,False,1,"1 - Multi-timeframe trend is bullish with price near fresh highs and trading above the high-volume (60.27) and low-anchor (56.95) VWAPs, so accept/add to the long. The current position is +25% — let winners run while using the anchored VWAPs as support-based stop references.",
CSCO,103,2025-07-17,1,1,0,True,0,"0 - Already long with +23% PnL and the weekly/monthly charts show a strong uptrend, so maintain the position rather than reversing or closing. The daily is consolidating just under the recent high-anchor VWAP (~67.7) indicating short-term resistance, so hold and let the trend confirm.",
CSCO,113,2025-07-31,1,1,0,True,0,"0 - We're already long with a 24.79% PnL and the multi-timeframe trend remains bullish, so maintain exposure rather than adding at these highs. Price is consolidating just below the anchored high VWAP, so hold and manage risk (trail stop) instead of opening another long.",
CSCO,123,2025-08-14,1,1,1,False,1,"1 - Accept. Multi-timeframe technicals are bullish: price sits above the high/low/high-volume anchored VWAPs and the weekly/monthly charts are making fresh highs, so there’s no immediate technical trigger to exit. Continue to hold the profitable long (+28.68% over 80 days) while protecting gains with a trailing stop below the high-anchor (blue) VWAP.",
CSCO,133,2025-08-28,1,1,1,False,1,"1 - The multi-timeframe trend is bullish (monthly and weekly at new highs) and the daily price trades above the high-anchor VWAP (~68.03) and high-volume VWAP (~62.7), supporting continuation of the long. The position is up ~25% with momentum intact, so accept and maintain the long while protecting gains with a trailing stop below the high-volume VWAP.",
CSCO,143,2025-09-12,1,1,0,True,0,"0 - Hold: price remains above the low- and high-volume anchored VWAPs and the weekly/monthly trend is bullish, so keep the existing profitable long in place rather than adding here. Wait for a test down toward the 62.9–63.8 VWAP support or a clean break above the recent-high VWAP (~67.7) before increasing exposure.",
CSCO,153,2025-09-26,1,1,1,False,1,"1 - Continue long: price is holding above the high-volume VWAP (~66.35) and the low-anchor VWAP, and weekly/monthly charts remain in a bullish trend. The current trade is +24% over 110 days, so staying long lets us capture further upside while VWAP support holds.",
CSCO,163,2025-10-10,1,1,1,False,1,"1 - Monthly and weekly charts show a clean uptrend and the daily price is holding above the high-anchor and high-volume VWAPs, so maintaining the long is justified. The trade is +28.6% with no clear reversal signal, so let the winner run while protecting gains with a tight trailing stop below the VWAP cluster.",
CSCO,173,2025-10-24,1,1,1,False,1,"1 - Price is trading above all three anchored VWAPs and both the weekly and monthly charts show a strong uptrend, supporting continued upside. The position is +29% over 130 days and consolidating near recent highs, so holding the long is the prudent choice.",
CSCO,183,2025-11-07,1,1,1,False,1,"1 - Monthly and weekly trends are strongly bullish and the daily pullback is holding near anchored VWAP support (~67–72), offering a favorable risk/reward. We are already long with ~+30% PnL so stay long while protecting gains with a close below VWAP support.",
CSCO,193,2025-11-21,1,1,1,False,1,"1 - The weekly and monthly charts show a strong multi-year uptrend with fresh highs and the current long already sitting on a +38.7% PnL, so maintaining a long exposure is appropriate. The daily chart is only a small pullback toward the anchored VWAPs (~76), which looks like support—prefer to keep the long rather than close or flip short.",
CSCO,203,2025-12-08,1,1,1,False,1,"1 - The multi-timeframe trend is clearly bullish and the daily price is trading above the high-anchor and high-volume VWAPs, confirming momentum. The position is already +43% over 160 days, so remain long while monitoring for distribution or a close below the high-anchor VWAP to tighten stops.",
CSCO,213,2025-12-22,1,1,1,False,1,"1 - Multi‑timeframe structure is strongly bullish with price near new highs and holding above the high‑anchor and high‑volume VWAPs (~77.7), and the current trade is +44% PnL. Accept staying long to let the trend run while VWAP support holds, with a close if price breaks decisively below that support.",
CSCO,223,2026-01-07,1,0,0,False,0,"0 - Accept hold: the position is a long with +39% PnL and the monthly/weekly charts show a strong multi-timeframe uptrend, so letting profits run is justified. The daily chart shows a mild pullback below recent anchored VWAPs, so we hold while monitoring VWAP support for a stop or partial trim if it breaks.",
CSCO,233,2026-01-22,1,0,0,False,0,"0 - Hold: Multi-year monthly and weekly trends remain strongly bullish and we’re sitting on a +36% unrealized gain, so maintain the long through this short-term pullback. Daily price is slightly below the high-anchor and high-volume VWAPs but still above the low-anchor VWAP, implying consolidation rather than a decisive breakdown.",
CSCO,243,2026-02-05,1,0,0,False,0,"0 - The multi-timeframe trend is strongly bullish and price is trading above all anchored VWAPs, so there is no technical trigger to exit. With the position already +50% and momentum intact, accept hold while tightening stops to protect gains.",
